temperature,humidity,rainfall,label
27.04,74.93,1316.3,sugarcane
23.23,77.48,501.6,maize
28.41,58.57,756.8,cotton
28.92,84.45,1156.6,sugarcane
28.95,58.1,235.3,cucumber
29.77,68.51,1054.4,rice
29.82,85.46,1164.6,rice
27.95,65.76,399.8,moong
23.72,63.28,442.7,sunflower
27.23,72.05,330.6,sunflower
28.05,43.78,767.8,arhar
28.39,74.8,1750.3,sugarcane
26.83,50.91,1163.4,sugarcane
17.49,86.11,91.4,mustard
25.43,45.0,574.7,maize
13.38,78.76,304.0,potato
28.56,84.64,1226.8,sugarcane
11.46,72.93,398.1,peas
32.84,80.78,1735.4,sugarcane
25.16,45.22,1499.4,rice
22.47,46.28,418.4,sunflower
33.74,42.6,1525.6,sugarcane
17.41,44.19,127.5,barley
12.27,40.42,252.1,wheat
24.2,72.84,507.9,maize
25.98,54.31,700.8,cotton
10.16,70.22,320.3,peas
27.09,79.61,422.3,moong
22.57,85.23,298.7,chickpea
26.23,72.84,80.3,watermelon
24.52,55.21,698.7,arhar
31.56,81.99,460.0,jowar
27.77,65.2,223.6,cucumber
24.78,64.59,800.5,cotton
21.44,53.72,339.1,wheat
18.4,64.08,193.2,barley
29.48,88.49,1772.8,rice
29.86,84.64,830.8,groundnut
33.42,77.66,130.9,watermelon
25.77,42.76,985.0,cotton
29.54,83.23,754.6,cotton
22.48,79.3,111.8,chickpea
23.81,74.63,839.6,maize
27.23,71.17,1451.2,rice
24.22,53.03,294.4,chickpea
28.18,62.07,739.8,arhar
29.54,40.01,677.7,okra
22.43,79.08,157.5,mustard
26.54,46.64,1197.2,sugarcane
15.45,64.92,330.8,peas
29.93,61.05,1004.0,rice
33.52,73.23,398.0,moong
32.29,73.12,429.2,okra
21.42,81.27,170.8,barley
29.25,57.74,642.0,groundnut
34.75,70.71,555.3,moong
29.68,70.21,912.0,soybean
21.93,72.13,378.6,wheat
25.08,59.79,635.5,maize
27.52,65.2,1584.6,sugarcane
19.7,61.4,80.1,chickpea
32.56,74.72,426.4,moong
25.42,44.0,553.6,moong
12.9,58.71,360.9,potato
26.33,56.67,430.3,moong
28.66,87.71,826.9,soybean
33.35,43.19,1419.3,sugarcane
33.48,61.17,505.3,moong
25.52,42.78,82.3,cucumber
18.77,53.14,180.7,chickpea
28.39,41.99,834.9,arhar
16.07,54.58,132.1,mustard
28.82,86.73,620.9,jowar
32.86,52.27,1598.2,sugarcane
34.98,42.62,1742.3,sugarcane
18.56,49.2,257.1,mustard
29.51,51.77,858.0,cotton
25.19,49.1,1423.7,sugarcane
31.62,49.17,73.1,cucumber
31.25,70.37,703.7,cotton
27.81,54.54,1613.0,rice
29.86,63.89,713.6,groundnut
25.26,52.66,443.9,bajra
29.8,76.8,765.1,jowar
23.42,86.49,126.8,cucumber
28.73,81.43,1206.8,rice
12.66,86.08,123.9,wheat
12.22,45.33,121.6,mustard
18.89,64.62,136.3,barley
26.34,71.89,880.3,soybean
29.01,83.33,163.0,watermelon
31.46,69.59,95.9,watermelon
29.25,82.81,568.5,groundnut
27.27,65.48,552.1,okra
29.94,60.51,545.9,moong
18.22,45.37,109.2,chickpea
25.5,44.96,463.7,bajra
33.86,86.95,441.5,moong
22.29,86.17,186.3,cucumber
19.05,85.31,289.9,barley
20.37,75.86,156.8,chickpea
31.44,62.92,733.6,jowar
18.97,67.21,301.0,wheat
26.63,72.26,502.1,moong
24.44,69.46,770.5,arhar
26.07,70.32,863.5,groundnut
26.95,61.98,926.0,soybean
26.33,88.08,776.6,groundnut
25.36,54.94,547.0,moong
31.15,83.9,658.5,cotton
14.41,67.38,125.4,barley
29.36,62.7,417.9,jowar
27.23,68.28,830.4,soybean
18.95,75.8,267.7,barley
27.98,63.87,752.1,groundnut
33.01,73.1,168.2,watermelon
30.8,70.4,132.2,watermelon
25.53,84.44,640.7,soybean
34.16,57.08,115.7,watermelon
30.42,80.93,586.0,bajra
26.68,68.79,124.9,watermelon
21.05,59.76,696.6,arhar
33.04,76.97,389.9,moong
13.07,61.56,275.4,peas
26.69,49.03,78.1,watermelon
19.55,81.02,332.6,potato
29.86,49.68,1402.8,sugarcane
15.76,55.15,255.5,mustard
18.93,85.14,278.5,wheat
26.54,66.87,748.3,groundnut
19.72,63.72,262.8,mustard
27.78,75.08,921.7,cotton
15.25,45.19,221.2,potato
28.86,55.26,1393.5,sugarcane
28.7,49.65,677.9,arhar
29.58,46.34,129.7,watermelon
30.57,56.51,401.6,bajra
29.24,64.25,853.7,cotton
26.93,78.22,1521.4,sugarcane
34.52,59.96,517.1,bajra
27.48,65.9,1405.2,sugarcane
33.1,83.32,1364.9,sugarcane
14.6,82.48,121.5,barley
27.6,45.36,773.9,groundnut
26.84,77.49,954.7,cotton
17.65,69.32,236.1,barley
10.74,89.94,240.6,wheat
10.12,55.38,232.7,barley
23.68,52.35,939.2,soybean
27.56,79.7,678.3,groundnut
27.93,63.92,204.6,cucumber
17.52,85.3,188.3,potato
24.26,75.17,1784.9,rice
25.12,89.4,1389.3,sugarcane
28.7,45.73,125.6,watermelon
13.7,72.58,162.0,wheat
29.77,41.92,358.9,sunflower
31.15,48.22,118.0,watermelon
10.44,43.02,238.4,peas
25.8,81.81,544.6,sunflower
27.15,49.82,737.0,soybean
11.0,42.13,163.7,mustard
22.71,61.94,508.4,maize
19.73,87.13,189.3,potato
32.93,74.42,173.1,watermelon
10.3,67.23,184.3,wheat
18.91,67.02,194.2,potato
30.16,63.1,160.9,watermelon
26.74,63.13,793.8,soybean
16.25,48.37,169.4,chickpea
15.05,56.35,89.1,chickpea
32.37,57.33,1183.6,sugarcane
31.86,70.07,170.3,watermelon
18.12,70.54,208.0,barley
10.59,60.21,176.8,peas
30.09,47.79,765.4,jowar
30.61,61.06,508.8,jowar
15.33,58.2,335.5,wheat
19.55,50.0,141.4,barley
26.34,61.61,948.6,soybean
32.54,78.65,483.9,moong
28.27,86.82,1279.9,rice
26.16,82.69,331.7,bajra
15.83,69.99,183.1,potato
15.65,80.35,190.8,mustard
11.33,42.88,301.0,wheat
31.24,45.6,363.3,moong
14.98,50.71,200.0,peas
28.99,80.67,808.6,groundnut
16.89,40.82,227.4,wheat
22.58,44.7,119.1,cucumber
19.75,51.56,181.1,chickpea
30.68,55.32,606.0,cotton
24.81,59.85,808.9,soybean
26.05,75.75,764.2,arhar
28.22,61.65,565.9,maize
12.23,48.08,317.5,peas
15.98,61.91,138.3,mustard
25.79,89.5,1101.8,sugarcane
31.81,89.25,402.3,bajra
25.16,40.84,584.4,moong
20.01,49.5,405.6,sunflower
10.26,77.59,163.8,barley
20.45,56.52,142.8,wheat
29.21,62.43,600.6,jowar
15.57,50.22,142.8,barley
18.46,88.47,293.0,potato
28.27,44.38,704.9,groundnut
31.95,53.35,364.3,bajra
15.59,56.57,194.3,barley
27.29,60.44,914.7,soybean
18.15,81.45,120.1,wheat
25.32,63.1,504.8,groundnut
10.0,41.5,141.0,wheat
13.22,64.67,382.7,wheat
31.49,81.62,126.2,watermelon
11.21,41.33,198.1,mustard
30.2,41.63,354.8,moong
10.1,84.55,262.2,mustard
31.39,71.64,619.6,jowar
22.37,56.32,587.8,sunflower
25.7,49.28,458.2,sunflower
20.5,84.05,143.5,mustard
27.98,57.63,397.6,bajra
28.92,47.38,596.7,groundnut
28.36,68.15,798.9,soybean
24.32,52.16,670.3,okra
14.02,47.0,325.0,potato
12.28,86.75,269.3,potato
17.02,41.58,185.2,potato
31.87,68.14,572.0,bajra
32.27,75.3,1739.8,sugarcane
14.68,41.57,280.9,peas
25.6,84.54,1408.0,rice
31.43,81.15,114.7,watermelon
13.55,73.49,386.0,potato
32.09,44.72,457.7,moong
34.41,57.88,139.3,watermelon
27.53,42.91,731.4,jowar
10.79,68.25,347.9,wheat
30.25,44.52,540.1,bajra
24.13,85.11,734.7,cotton
32.57,81.61,825.4,cotton
26.96,82.71,306.5,okra
33.77,78.17,448.8,okra
13.62,59.02,248.7,peas
10.3,88.7,197.8,peas
10.82,65.59,164.7,wheat
16.59,65.5,93.5,barley
13.84,45.27,257.4,potato
17.86,53.23,160.1,potato
12.01,43.46,284.9,potato
23.44,85.59,846.9,soybean
25.3,61.11,926.1,rice
22.86,57.94,817.9,arhar
22.11,67.63,824.9,soybean
27.04,74.13,1271.2,sugarcane
33.42,51.43,382.4,bajra
32.25,65.01,404.7,moong
28.02,89.41,753.8,groundnut
12.69,81.58,324.2,potato
25.5,74.38,864.9,soybean
27.52,85.15,479.5,okra
10.36,61.46,183.1,wheat
11.19,66.18,278.5,mustard
32.74,74.72,575.7,okra
21.76,40.41,609.6,arhar
27.27,55.64,874.4,arhar
31.45,86.26,766.4,okra
21.7,86.8,113.2,chickpea
28.45,59.03,514.0,groundnut
24.19,83.98,346.9,sunflower
30.39,75.15,468.9,bajra
33.45,51.15,468.0,moong
26.76,74.84,501.8,sunflower
26.33,61.36,955.2,soybean
28.98,65.62,549.3,moong
29.36,59.45,633.0,arhar
21.91,73.45,394.7,sunflower
29.53,42.47,364.7,okra
16.99,50.61,260.8,wheat
29.85,79.89,1364.9,rice
12.09,73.77,246.3,peas
26.51,85.93,556.4,bajra
19.31,44.87,225.0,potato
22.86,54.24,716.9,maize
26.89,87.99,164.0,cucumber
17.97,40.9,310.7,peas
30.51,81.42,784.6,okra
18.18,73.12,219.5,wheat
16.83,61.02,351.3,wheat
15.43,65.82,339.4,wheat
15.92,78.92,338.1,peas
20.53,88.11,986.9,arhar
24.96,66.37,1051.3,rice
16.41,83.34,66.4,mustard
29.26,40.22,55.1,watermelon
28.01,44.84,715.5,groundnut
28.7,78.45,728.2,maize
27.05,78.92,1368.8,rice
22.39,58.02,843.9,soybean
23.96,79.03,962.1,soybean
22.54,86.12,133.1,chickpea
11.05,83.06,273.5,wheat
17.74,73.32,388.8,potato
28.59,89.7,709.1,groundnut
23.26,82.03,112.8,mustard
20.81,48.59,304.4,sunflower
10.35,51.67,222.2,barley
26.91,89.28,1111.2,rice
19.39,75.33,366.7,potato
17.53,73.67,217.3,wheat
22.41,76.29,928.6,soybean
29.06,74.72,775.6,arhar
34.26,88.43,380.3,bajra
15.43,75.47,109.5,chickpea
28.88,52.88,508.8,moong
10.67,45.3,254.5,mustard
31.86,88.79,928.8,cotton
31.33,47.99,739.6,jowar
26.52,47.14,744.2,soybean
31.94,81.77,558.5,jowar
25.05,54.27,1682.5,sugarcane
15.67,63.35,257.3,potato
33.37,56.33,536.7,moong
23.91,82.69,71.6,cucumber
29.0,82.05,1160.2,sugarcane
30.12,43.55,1763.0,sugarcane
28.48,73.76,612.5,cotton
24.47,67.72,771.0,soybean
26.39,88.46,820.2,cotton
29.44,62.73,804.8,arhar
12.71,70.9,177.0,peas
27.68,85.49,756.8,okra
12.42,63.62,363.5,potato
22.9,78.55,945.7,arhar
34.91,77.95,1536.2,sugarcane
26.64,61.02,810.6,cotton
31.83,77.4,899.8,cotton
27.82,42.61,772.7,maize
25.78,45.74,652.0,cotton
23.22,40.55,183.4,chickpea
28.68,82.38,513.1,bajra
15.32,61.57,284.7,peas
14.72,73.53,140.5,wheat
22.79,76.02,760.9,arhar
31.88,58.52,553.2,moong
28.75,45.35,153.5,watermelon
30.61,72.29,705.0,okra
25.02,43.61,919.0,cotton
19.36,62.03,217.0,chickpea
25.92,62.6,486.1,moong
26.49,40.56,724.3,cotton
18.18,84.7,265.3,wheat
13.14,89.01,191.6,mustard
32.47,88.54,462.9,bajra
29.18,67.81,788.0,arhar
14.22,45.47,322.3,wheat
14.74,82.19,323.8,wheat
24.37,69.42,865.4,cotton
29.96,64.26,1484.5,sugarcane
34.03,56.52,1342.8,sugarcane
32.08,84.12,307.4,bajra
21.62,76.1,294.1,wheat
25.97,41.87,514.4,moong
24.56,76.59,941.0,cotton
27.34,67.69,949.8,cotton
32.25,82.24,873.8,cotton
18.5,81.21,235.3,wheat
24.01,75.22,722.9,cotton
29.14,44.24,815.7,arhar
15.46,70.07,244.0,potato
29.46,70.59,65.0,cucumber
30.27,71.29,753.6,cotton
32.14,54.22,701.7,okra
29.26,43.91,932.9,arhar
27.83,81.62,1161.7,sugarcane
25.24,62.72,775.5,groundnut
27.73,54.95,939.8,arhar
20.88,45.44,255.6,mustard
30.96,81.04,411.9,moong
27.08,81.81,410.5,moong
22.95,41.74,781.6,maize
20.44,50.18,208.9,wheat
27.66,45.35,378.5,bajra
15.42,73.69,162.3,barley
21.14,83.31,134.3,chickpea
15.91,79.34,294.3,peas
24.44,89.96,313.4,okra
26.13,69.67,189.8,watermelon
12.93,58.28,212.8,mustard
25.13,43.36,818.6,groundnut
29.18,67.71,137.1,cucumber
21.07,66.44,700.4,maize
25.49,72.74,914.1,arhar
17.67,53.82,178.0,mustard
20.79,62.97,71.0,mustard
29.16,56.14,620.7,groundnut
10.54,46.11,246.1,peas
32.68,88.79,123.5,watermelon
27.13,46.16,1638.8,sugarcane
20.52,62.06,427.5,sunflower
26.31,75.22,207.4,cucumber
30.62,59.59,1568.8,sugarcane
17.48,76.26,186.1,chickpea
29.22,40.76,558.1,maize
34.06,42.21,324.8,okra
28.61,73.15,655.9,maize
16.19,48.07,355.6,peas
27.7,58.93,113.5,cucumber
25.55,69.38,93.1,cucumber
30.68,75.27,1186.2,sugarcane
12.64,65.52,389.8,wheat
11.88,66.27,287.5,peas
28.96,82.9,912.7,soybean
33.83,89.97,672.4,okra
31.64,42.87,198.7,watermelon
24.11,59.48,708.6,arhar
32.83,41.61,701.3,cotton
27.05,69.27,605.2,jowar
29.65,46.76,631.9,cotton
34.81,71.83,439.2,okra
24.35,61.7,923.3,soybean
29.54,50.55,515.5,groundnut
27.24,83.01,1109.0,rice
27.62,87.72,1698.5,rice
29.44,51.76,598.0,sunflower
10.1,85.61,260.6,peas
29.97,57.12,495.7,jowar
28.76,78.96,639.4,jowar
25.96,61.81,132.4,watermelon
20.16,66.6,171.8,wheat
28.24,83.38,181.8,cucumber
32.81,75.43,1746.6,sugarcane
31.04,48.82,148.7,watermelon
27.2,88.12,803.1,cotton
29.53,48.15,363.3,sunflower
25.07,50.12,898.5,cotton
20.02,75.37,207.3,chickpea
25.91,88.25,804.4,maize
31.21,50.29,205.0,cucumber
11.59,73.51,202.1,barley
31.06,53.18,179.4,cucumber
25.86,43.04,905.0,arhar
25.76,84.69,1027.5,rice
17.77,76.97,249.0,mustard
31.23,68.88,621.6,jowar
24.12,52.19,965.1,rice
12.35,64.38,384.3,peas
30.12,68.79,942.9,cotton
17.11,56.56,304.9,wheat
28.93,59.59,532.3,moong
28.7,56.95,1091.7,rice
28.05,58.74,1295.1,rice
31.55,85.4,437.6,jowar
32.06,60.58,339.1,bajra
31.62,62.31,800.0,cotton
15.2,43.85,119.5,chickpea
26.11,69.12,186.9,watermelon
24.95,84.52,656.3,soybean
29.32,88.56,652.9,maize
27.63,48.43,761.2,maize
32.6,56.85,445.8,bajra
31.7,80.93,510.2,okra
10.73,81.51,292.5,mustard
12.27,86.54,388.3,peas
27.08,76.18,727.9,soybean
23.33,81.45,659.1,maize
31.76,89.96,734.4,okra
28.92,84.31,1566.5,rice
29.21,88.69,1533.6,rice
30.67,47.47,405.3,moong
25.53,64.77,1304.5,rice
27.17,59.63,1693.8,sugarcane
27.7,49.61,597.4,groundnut
28.51,55.54,897.0,groundnut
22.8,48.32,225.0,chickpea
30.02,54.41,94.0,watermelon
30.41,62.01,528.0,bajra
24.47,74.32,860.3,arhar
15.59,88.04,331.4,peas
17.87,82.97,145.3,wheat
27.37,67.83,334.6,sunflower
16.16,55.1,318.5,potato
18.18,61.81,198.4,wheat
25.32,43.57,625.2,soybean
13.69,89.25,205.7,wheat
13.94,43.09,122.2,mustard
28.51,48.38,558.2,jowar
29.87,50.16,477.8,moong
31.71,85.98,657.2,jowar
26.59,81.55,451.8,jowar
24.47,75.77,416.2,sunflower
24.65,66.16,246.0,chickpea
16.3,63.75,168.8,wheat
27.77,52.58,890.6,maize
16.08,59.48,291.0,wheat
25.83,43.51,310.5,okra
25.56,87.31,776.2,maize
18.48,49.48,217.2,wheat
23.19,43.01,874.1,maize
22.55,55.94,896.6,soybean
23.99,88.33,122.3,cucumber
16.9,88.65,399.4,potato
18.48,67.91,279.6,wheat
27.15,79.55,823.5,maize
19.8,41.22,293.1,wheat
27.78,44.86,755.0,soybean
29.16,70.84,591.4,moong
20.03,78.56,409.5,sunflower
29.7,73.13,949.1,arhar
19.48,45.54,256.6,potato
31.97,66.61,968.3,cotton
27.43,73.39,601.0,maize
22.44,78.3,853.2,maize
13.85,72.11,272.0,potato
28.31,48.01,1534.1,rice
29.12,47.32,392.6,moong
28.04,53.11,417.6,sunflower
29.06,40.89,351.1,moong
26.96,83.13,1038.8,rice
30.4,80.6,138.5,watermelon
30.67,61.68,1489.8,sugarcane
20.6,70.87,285.7,chickpea
18.78,73.65,282.6,potato
30.76,68.0,1749.3,sugarcane
10.21,54.04,344.1,peas
18.01,83.29,178.7,barley
29.88,40.9,726.4,soybean
31.92,75.38,527.3,jowar
28.03,84.98,458.0,sunflower
25.34,72.43,1255.4,rice
26.53,43.16,559.1,groundnut
26.15,55.56,701.2,maize
26.73,43.22,1449.0,sugarcane
22.48,77.23,297.7,chickpea
14.92,54.1,293.7,mustard
17.25,53.42,199.5,wheat
34.22,80.07,340.4,bajra
28.24,40.86,650.9,cotton
26.04,76.21,588.7,sunflower
24.98,62.48,621.9,maize
22.88,50.39,854.4,maize
22.43,63.41,972.2,soybean
29.08,80.94,503.0,groundnut
26.14,82.13,577.5,moong
25.34,48.12,635.2,arhar
32.47,78.52,454.3,bajra
32.81,43.42,601.3,cotton
27.54,44.89,349.4,okra
26.22,85.94,660.0,maize
30.85,51.99,624.9,jowar
17.68,40.42,363.7,peas
19.99,88.86,316.6,wheat
17.18,66.69,264.9,potato
24.96,40.41,684.0,okra
30.26,43.1,58.2,watermelon
24.6,40.45,815.2,cotton
28.41,75.91,62.5,watermelon
22.08,79.95,192.2,cucumber
26.47,58.21,178.2,watermelon
23.5,62.56,243.7,chickpea
23.25,81.92,138.6,mustard
13.81,72.8,186.3,potato
14.41,63.47,148.6,mustard
28.54,60.76,305.4,bajra
13.11,87.4,204.9,mustard
25.7,49.54,808.3,arhar
33.95,67.24,364.4,bajra
34.77,89.66,154.7,watermelon
16.22,66.69,157.2,peas
10.86,48.26,288.6,wheat
27.04,69.46,914.8,cotton
17.29,67.21,106.2,barley
27.69,78.48,749.0,groundnut
25.21,56.39,1788.3,rice
26.16,60.81,331.1,sunflower
21.08,62.86,185.2,chickpea
29.11,42.8,669.2,jowar
27.87,48.89,643.4,groundnut
24.64,65.72,1727.4,rice
29.76,78.07,687.3,cotton
24.17,81.79,1289.5,rice
21.68,74.86,328.2,sunflower
31.5,55.68,751.9,jowar
16.87,43.41,364.6,potato
25.48,78.31,195.7,cucumber
23.09,81.01,685.0,maize
26.78,49.02,910.3,soybean
29.27,40.25,878.9,soybean
28.28,43.44,593.8,bajra
25.18,59.56,92.6,cucumber
23.64,68.62,161.3,cucumber
17.5,56.54,277.5,mustard
30.75,64.86,416.0,moong
21.21,75.84,177.9,mustard
11.89,67.27,232.4,peas
16.98,49.08,95.9,chickpea
25.34,47.56,121.3,cucumber
25.59,77.24,669.0,maize
28.26,74.51,493.5,bajra
29.83,74.17,518.4,sunflower
16.52,79.09,255.0,peas
30.5,88.83,348.9,bajra
33.44,65.19,673.0,okra
33.44,48.61,451.0,okra
28.72,55.98,653.3,maize
15.14,43.13,322.5,wheat
29.3,78.79,669.4,soybean
26.89,59.23,884.3,soybean
11.56,89.51,262.5,wheat
29.9,54.78,1436.9,rice
26.92,87.76,836.8,soybean
24.79,41.43,190.5,mustard
29.64,83.52,562.1,jowar
29.25,54.61,819.2,cotton
27.04,41.7,630.1,arhar
27.97,42.7,393.9,moong
16.69,44.72,188.6,peas
15.28,47.76,229.3,wheat
24.25,63.92,306.5,okra
28.72,81.39,911.1,rice
25.09,86.86,410.4,okra
14.85,44.02,166.1,potato
20.77,54.26,117.6,barley
31.32,66.32,323.5,bajra
31.8,61.79,639.9,okra
19.64,48.37,127.6,wheat
25.87,59.49,500.6,bajra
29.92,66.84,499.2,jowar
30.65,86.77,784.1,jowar
30.84,60.58,715.8,okra
25.96,80.98,185.4,cucumber
28.05,57.38,517.0,groundnut
25.59,52.36,425.3,sunflower
20.83,72.17,171.7,chickpea
26.02,82.94,1581.2,sugarcane
27.03,69.45,931.1,rice
27.08,83.51,820.6,arhar
28.32,76.88,720.5,cotton
21.3,48.36,875.0,arhar
27.69,40.13,145.6,watermelon
25.68,47.64,496.8,moong
34.3,88.82,675.7,okra
16.52,41.56,151.1,barley
27.79,59.54,976.1,arhar
31.81,83.27,186.7,cucumber
34.6,66.64,482.7,bajra
30.55,87.28,212.2,cucumber
27.62,66.71,186.3,watermelon
26.03,43.26,595.2,groundnut
14.32,86.84,248.1,barley
19.59,74.06,225.1,barley
12.57,85.66,224.9,peas
34.99,56.68,497.0,moong
27.83,52.22,932.1,cotton
27.44,58.05,800.6,maize
16.55,56.33,350.7,peas
24.85,76.3,755.7,okra
16.18,54.3,288.8,potato
29.16,70.93,630.0,cotton
28.73,82.18,70.6,cucumber
26.92,43.11,91.6,watermelon
23.83,46.97,258.5,mustard
29.83,80.4,751.4,maize
24.28,63.52,151.4,chickpea
14.41,63.17,217.2,mustard
28.29,61.99,447.1,jowar
32.63,86.49,166.2,watermelon
20.32,44.54,274.6,barley
34.43,68.16,1229.0,sugarcane
28.5,87.73,1788.7,sugarcane
12.67,70.48,156.4,barley
14.01,63.42,370.4,peas
25.08,71.35,1775.6,sugarcane
30.26,57.39,614.1,jowar
26.68,88.48,756.6,maize
21.51,64.99,221.9,barley
27.94,72.1,742.5,cotton
26.06,84.74,58.7,watermelon
16.62,61.79,211.0,potato
25.36,63.36,518.2,maize
30.41,60.49,1198.2,sugarcane
26.66,71.69,874.8,maize
26.8,89.83,93.6,watermelon
20.12,71.27,389.5,sunflower
12.64,77.59,182.9,potato
21.03,89.24,214.7,wheat
32.2,86.96,425.3,moong
10.2,58.29,261.1,barley
15.56,73.57,389.2,potato
14.84,83.82,151.9,peas
22.69,82.66,103.9,chickpea
30.66,58.42,420.6,bajra
28.08,71.93,580.6,groundnut
21.06,41.88,441.5,sunflower
24.17,70.69,986.0,soybean
16.04,72.58,308.9,peas
18.22,73.35,391.2,potato
10.9,78.24,398.0,peas
32.8,74.02,510.2,moong
30.64,76.16,477.5,jowar
30.55,57.77,184.3,watermelon
20.52,55.86,687.5,arhar
16.9,45.37,284.9,mustard
26.41,51.15,503.6,moong
15.79,43.64,113.9,chickpea
33.52,42.64,327.4,bajra
25.73,64.38,487.2,okra
25.71,58.41,704.6,maize
26.13,51.46,1581.3,sugarcane
27.25,86.96,1243.1,rice
29.85,76.4,583.8,okra
16.15,66.34,370.8,peas
24.14,70.54,225.1,chickpea
21.59,77.12,592.7,sunflower
32.9,71.23,621.9,okra
13.68,59.25,202.5,wheat
22.33,50.91,112.3,chickpea
32.16,83.85,95.5,watermelon
12.36,84.06,236.8,peas
11.99,63.89,212.9,mustard
20.29,51.37,790.1,arhar
33.51,60.28,564.5,moong
27.75,75.51,58.3,watermelon
12.61,79.21,375.1,potato
27.29,81.14,615.5,jowar
13.51,70.24,291.6,barley
27.55,50.51,660.8,cotton
23.77,55.69,371.4,sunflower
22.51,61.42,169.4,mustard
23.26,50.88,727.8,maize
25.46,58.89,567.4,maize
22.45,65.16,184.0,cucumber
25.9,84.35,695.4,cotton
28.62,55.88,841.5,cotton
16.01,72.27,107.4,chickpea
27.53,57.47,511.7,jowar
17.86,54.85,312.5,peas
23.84,70.68,113.6,cucumber
16.49,70.8,234.8,peas
20.23,85.7,104.1,chickpea
28.34,68.13,825.0,arhar
27.55,72.93,803.9,groundnut
18.24,51.88,201.4,potato
34.66,41.84,1658.3,sugarcane
27.53,78.69,73.0,watermelon
15.16,87.04,242.1,barley
31.72,53.74,443.3,moong
24.23,43.66,1679.6,rice
16.7,48.26,185.7,wheat
27.94,48.71,334.3,okra
16.41,88.89,89.6,chickpea
34.49,89.92,174.2,watermelon
25.82,65.38,107.0,watermelon
12.01,65.71,225.6,peas
29.51,44.14,458.4,sunflower
24.36,42.92,262.3,mustard
29.97,71.98,590.3,sunflower
15.23,58.16,181.0,wheat
23.94,76.52,699.0,soybean
25.15,40.53,812.4,groundnut
19.25,83.26,163.1,potato
25.14,62.09,117.3,watermelon
17.27,56.39,158.4,barley
28.33,51.44,1750.7,rice
24.28,45.97,240.2,cucumber
11.79,44.79,262.7,peas
15.6,64.15,98.0,barley
28.83,63.22,538.8,bajra
29.49,79.08,500.7,groundnut
32.95,80.35,556.8,bajra
21.16,65.98,291.1,mustard
28.68,63.53,401.5,bajra
23.64,78.15,653.4,soybean
20.8,76.96,439.2,sunflower
31.07,79.03,648.8,jowar
31.79,79.36,910.3,cotton
33.58,79.32,503.0,bajra
19.2,51.93,163.4,chickpea
18.57,57.84,80.6,chickpea
24.73,56.63,1549.3,rice
24.08,81.89,547.2,maize
29.1,75.95,682.5,soybean
28.17,75.38,360.1,sunflower
30.07,50.32,193.4,cucumber
28.57,75.0,150.6,watermelon
16.82,85.27,162.3,peas
26.37,78.87,781.1,arhar
30.39,60.21,97.6,watermelon
31.67,81.16,516.6,moong
34.26,70.53,1799.5,sugarcane
26.79,70.23,618.3,cotton
16.54,50.55,195.6,barley
30.0,79.89,515.4,jowar
26.68,41.29,991.2,arhar
18.6,52.47,142.4,chickpea
24.46,59.58,255.3,chickpea
23.54,81.8,236.9,chickpea
23.42,43.74,832.3,maize
20.11,43.13,269.1,barley
11.56,59.18,231.6,mustard
22.4,59.66,117.5,chickpea
31.74,75.55,543.6,okra
24.75,58.08,838.1,soybean
28.02,65.32,475.9,bajra
25.66,82.86,758.2,groundnut
30.39,56.81,457.1,jowar
29.04,77.31,1520.6,rice
21.11,44.14,221.3,wheat
26.98,64.34,177.1,cucumber
31.8,53.68,454.6,bajra
26.56,50.05,1434.1,sugarcane
29.76,48.67,796.2,soybean
25.54,82.8,723.9,cotton
22.32,54.99,411.0,sunflower
28.35,44.23,1052.7,rice
19.91,70.11,179.1,barley
14.05,44.74,132.1,mustard
14.66,58.27,158.5,potato
31.89,78.84,425.8,jowar
28.99,83.31,381.2,okra
11.26,71.8,229.2,barley
17.94,82.23,285.4,barley
25.55,60.01,541.9,groundnut
22.52,42.56,204.8,cucumber
29.31,43.17,1566.2,sugarcane
27.62,63.88,793.5,groundnut
19.08,58.63,240.6,potato
11.39,51.99,290.8,mustard
21.06,74.34,839.9,arhar
20.54,60.63,286.3,wheat
25.28,59.43,782.9,okra
33.15,72.56,394.1,bajra
28.6,46.49,969.0,cotton
28.22,69.74,857.5,groundnut
27.67,60.78,638.0,jowar
16.06,61.46,210.6,peas
20.3,59.46,154.9,wheat
26.98,42.86,651.8,maize
24.35,54.93,1771.1,rice
10.62,84.46,163.1,wheat
25.95,79.83,1631.3,sugarcane
32.52,68.7,1360.5,sugarcane
29.33,41.7,607.5,arhar
27.47,69.8,1120.6,rice
31.72,79.8,376.7,moong
24.62,85.54,1240.4,rice
12.53,69.62,399.9,peas
13.82,50.23,174.7,peas
28.11,57.59,758.4,cotton
28.02,44.58,1003.6,rice
29.12,45.0,95.7,cucumber
31.9,85.54,842.0,cotton
10.25,55.26,93.2,mustard
27.58,51.92,698.0,maize
26.82,87.07,503.3,sunflower
20.71,82.71,197.5,barley
22.52,63.76,811.6,soybean
31.76,65.98,114.3,cucumber
27.36,47.78,774.3,okra
27.99,50.54,1108.7,sugarcane
23.25,88.95,206.1,mustard
24.85,61.66,629.7,soybean
28.84,74.31,1254.1,sugarcane
29.03,67.82,1478.1,rice
29.42,51.49,939.9,soybean
26.29,40.52,410.4,moong
26.19,75.27,230.1,cucumber
27.97,83.04,526.5,sunflower
17.8,61.72,248.5,peas
25.69,73.63,215.8,cucumber
27.28,77.37,611.5,cotton
25.91,62.29,783.5,soybean
30.44,79.57,1600.4,sugarcane
26.17,88.19,405.9,moong
26.12,68.64,399.3,okra
10.66,50.75,300.2,peas
21.45,40.69,527.3,sunflower
18.57,61.2,178.4,wheat
26.12,81.96,143.5,cucumber
29.88,59.72,762.3,jowar
13.99,84.9,193.4,potato
22.06,44.55,511.0,maize
28.04,61.24,373.6,bajra
32.46,80.21,504.2,moong
32.84,75.15,524.0,bajra
26.9,87.78,183.7,watermelon
31.2,84.48,145.9,cucumber
17.07,47.2,149.6,barley
21.53,48.74,228.6,mustard
31.76,67.22,583.4,bajra
29.94,40.88,966.0,arhar
25.51,68.34,948.6,cotton
24.04,83.52,559.7,sunflower
24.59,79.15,773.4,maize
29.38,44.49,813.2,soybean
20.49,83.64,198.9,barley
23.44,56.37,725.2,soybean
29.39,66.79,557.5,jowar
25.07,61.63,1042.1,rice
30.07,71.03,611.1,jowar
19.04,42.68,98.0,chickpea
23.97,51.12,885.5,maize
15.91,88.41,260.9,wheat
26.29,88.33,368.8,bajra
29.98,84.91,819.3,groundnut
19.92,65.7,286.7,chickpea
25.86,57.8,192.0,watermelon
20.41,61.36,198.6,mustard
25.6,89.35,684.6,maize
23.1,57.93,669.7,soybean
29.8,52.29,483.1,jowar
13.09,59.06,86.6,mustard
25.57,51.29,151.6,watermelon
11.12,52.43,209.9,peas
16.36,71.91,228.9,potato
17.6,60.34,235.4,chickpea
34.21,82.94,394.2,okra
28.45,69.16,475.3,sunflower
18.37,55.33,307.8,potato
24.18,78.67,484.7,okra
32.28,78.77,429.0,okra
31.83,50.43,632.7,cotton
15.78,47.48,124.7,chickpea
16.32,67.66,148.4,barley
27.6,40.01,239.0,cucumber
14.82,40.32,323.9,peas
24.08,74.74,240.1,mustard
16.5,40.71,217.6,barley
27.93,41.93,802.9,soybean
11.39,68.01,352.2,peas
22.65,67.71,323.1,sunflower
28.35,65.44,803.1,arhar
29.74,40.29,1605.3,rice
13.02,52.0,395.9,potato
25.86,71.28,444.3,sunflower
27.62,75.74,722.5,groundnut
32.05,60.11,183.7,watermelon
28.97,56.86,432.8,sunflower
25.84,52.32,973.2,rice
12.42,65.68,196.5,barley
34.1,76.24,543.7,okra
11.8,77.1,198.9,wheat
28.92,77.93,560.9,maize
21.38,40.8,654.8,arhar
29.0,79.56,578.0,sunflower
13.03,79.16,222.9,barley
27.6,84.9,799.5,maize
14.95,68.54,286.1,peas
26.84,71.48,662.8,maize
26.17,85.59,884.5,arhar
14.36,69.94,377.3,peas
21.57,83.06,405.5,sunflower
31.82,72.83,713.8,jowar
22.89,79.75,330.4,sunflower
25.61,75.13,99.3,watermelon
27.67,76.09,406.3,okra
29.56,70.76,701.9,jowar
27.81,55.25,583.1,moong
28.31,52.39,525.4,sunflower
30.4,47.47,783.1,cotton
30.82,84.58,50.2,watermelon
19.01,89.87,90.2,chickpea
31.96,72.8,131.9,cucumber
28.58,81.07,998.3,cotton
10.45,57.83,366.5,peas
26.99,40.94,603.5,cotton
24.05,65.95,248.7,mustard
15.89,57.39,364.5,potato
14.12,53.62,269.8,peas
27.15,55.44,489.4,moong
27.27,82.96,607.6,soybean
25.74,52.79,585.9,sunflower
17.53,56.53,185.3,potato
28.72,51.11,626.4,soybean
29.02,60.32,888.4,groundnut
14.95,55.22,160.4,peas
24.36,53.33,660.3,arhar
22.39,78.54,81.8,cucumber
29.54,51.25,735.8,okra
20.44,85.29,211.0,chickpea
24.57,71.54,928.0,cotton
27.05,79.76,1475.5,sugarcane
25.73,82.53,493.0,bajra
18.04,48.01,394.6,wheat
16.16,56.35,345.2,wheat
25.84,41.81,620.9,soybean
25.44,60.75,553.8,moong
25.3,66.66,711.6,arhar
26.93,50.7,958.4,cotton
22.14,71.18,461.9,sunflower
31.68,73.93,1234.1,sugarcane
28.79,44.94,216.1,cucumber
18.2,80.05,258.7,mustard
17.81,61.29,281.7,mustard
28.34,70.27,639.8,maize
24.75,68.53,524.9,maize
22.83,55.32,144.1,cucumber
28.99,40.5,475.8,moong
15.17,46.57,94.8,mustard
27.92,52.89,593.0,moong
27.39,54.9,223.7,cucumber
13.38,76.1,191.4,peas
25.63,83.86,641.4,soybean
12.21,41.2,143.7,barley
14.64,58.68,159.7,wheat
26.08,45.12,806.1,cotton
22.48,76.49,516.3,maize
27.58,65.69,521.9,bajra
24.65,84.99,1359.1,rice
29.43,46.41,418.6,bajra
23.1,84.68,739.4,soybean
19.9,88.5,253.3,chickpea
22.07,85.81,157.1,chickpea
26.87,73.77,729.1,soybean
27.46,56.06,1467.9,rice
25.94,67.07,840.5,maize
26.92,89.11,156.2,watermelon
25.25,70.28,1635.3,rice
29.91,81.08,1187.8,rice
17.81,62.46,281.2,mustard
29.27,82.19,689.3,jowar
19.4,64.51,170.4,barley
23.84,71.45,258.1,chickpea
27.94,48.27,835.5,soybean
34.41,81.65,473.7,moong
26.15,84.84,441.0,okra
19.84,81.93,262.5,wheat
21.27,40.31,284.4,chickpea
22.04,87.33,693.3,arhar
12.02,84.63,291.4,barley
20.78,63.27,378.9,wheat
19.91,88.35,234.7,wheat
33.26,80.22,1528.9,sugarcane
16.88,47.38,154.6,chickpea
23.38,44.66,94.7,mustard
29.63,45.96,740.3,maize
23.19,68.81,95.1,cucumber
31.35,48.61,657.1,jowar
19.19,70.14,281.1,potato
21.4,53.26,84.0,chickpea
20.93,52.41,164.0,wheat
15.01,74.01,266.5,barley
26.95,68.04,479.5,bajra
30.24,68.78,597.7,bajra
32.5,51.55,144.8,watermelon
29.15,45.33,813.0,groundnut
26.69,72.77,746.6,okra
21.05,89.87,359.0,sunflower
23.76,84.91,457.4,sunflower
19.89,58.72,277.6,mustard
25.37,57.71,177.9,watermelon
31.85,51.31,359.8,bajra
29.86,49.85,365.5,sunflower
17.16,41.81,185.4,potato
12.45,47.92,316.9,peas
25.02,64.06,849.4,groundnut
15.95,44.41,148.7,chickpea
29.78,45.16,741.6,jowar
27.53,84.12,1661.6,rice
27.62,69.24,639.7,groundnut
23.78,49.58,77.6,cucumber
12.97,63.43,135.3,wheat
19.54,72.96,166.8,chickpea
21.03,69.79,494.0,sunflower
28.97,48.54,579.8,sunflower
27.71,82.07,62.7,cucumber
31.67,50.42,182.4,watermelon
31.66,80.32,135.9,watermelon
16.88,72.17,160.6,potato
25.76,88.53,658.1,arhar
10.45,71.83,207.2,wheat
28.77,63.56,597.1,jowar
19.27,65.92,348.1,wheat
25.33,45.39,726.9,cotton
15.08,51.82,157.3,barley
25.68,89.17,1303.1,rice
27.94,65.39,571.5,bajra
29.67,50.44,167.6,watermelon
31.37,89.73,520.8,bajra
28.07,67.24,1098.5,rice
29.41,41.53,922.9,rice
24.34,75.06,794.6,maize
30.85,76.78,715.1,okra
23.48,72.32,519.3,maize
11.05,88.57,231.0,peas
28.3,81.69,469.9,jowar
26.46,79.31,423.0,jowar
26.69,49.85,1783.8,sugarcane
29.23,49.92,571.7,jowar
26.43,89.27,102.9,watermelon
28.54,68.7,746.3,cotton
25.57,81.74,86.6,cucumber
29.7,48.66,1598.6,rice
27.18,57.99,751.0,jowar
28.39,45.12,108.4,watermelon
28.14,83.83,600.0,groundnut
27.97,69.14,137.9,cucumber
29.09,71.12,626.6,maize
13.02,45.59,100.1,mustard
26.96,42.04,738.1,groundnut
27.53,40.18,448.4,jowar
25.89,78.37,937.7,arhar
21.65,53.18,287.6,chickpea
26.66,81.55,173.4,cucumber
16.44,65.26,218.5,peas
24.19,45.24,850.3,cotton
20.14,71.75,522.5,sunflower
32.33,55.66,339.0,bajra
28.86,75.2,690.2,arhar
29.55,62.89,1149.5,rice
24.75,48.76,927.5,arhar
24.26,74.05,138.9,cucumber
32.99,74.89,414.9,moong
31.05,82.41,534.2,jowar
29.42,80.19,1716.4,rice
29.25,61.2,172.5,watermelon
27.31,43.55,967.6,rice
15.89,59.43,164.9,chickpea
28.82,41.82,677.6,soybean
21.03,59.46,670.3,maize
27.02,73.29,736.8,soybean
15.55,44.18,128.6,wheat
25.94,42.78,546.5,groundnut
24.76,80.85,614.0,cotton
21.45,74.88,418.6,sunflower
29.82,52.47,341.6,sunflower
25.0,52.07,1569.6,rice
29.57,85.48,609.2,arhar
28.8,66.48,166.0,cucumber
14.53,78.39,289.7,peas
12.79,47.15,154.1,barley
28.74,51.88,987.0,arhar
29.83,62.62,657.0,okra
22.71,71.29,566.3,maize
33.57,64.17,388.2,moong
16.49,58.89,368.4,potato
30.81,80.99,498.1,jowar
23.13,58.14,129.6,cucumber
30.72,67.57,457.7,bajra
28.98,45.17,221.8,cucumber
27.97,52.95,1387.4,rice
18.95,60.69,261.0,chickpea
22.7,50.39,65.8,cucumber
21.74,40.23,815.4,arhar
34.38,50.96,1331.0,sugarcane
26.35,84.05,141.0,watermelon
30.63,42.78,573.9,jowar
18.05,43.3,214.9,potato
28.31,85.52,808.1,groundnut
28.92,57.05,684.2,jowar
20.26,44.27,230.1,barley
21.11,84.93,949.4,arhar
34.09,61.53,314.9,okra
26.18,45.93,57.7,watermelon
27.98,79.67,865.9,cotton
13.95,64.21,235.0,potato
23.84,48.63,637.9,arhar
19.73,71.42,179.2,potato
24.89,78.08,814.2,maize
26.73,83.09,306.6,bajra
31.54,47.51,215.2,cucumber
34.47,79.23,464.7,moong
28.28,61.88,173.2,watermelon
33.34,44.46,483.6,bajra
11.5,73.14,225.8,wheat
28.86,85.27,360.4,bajra
27.91,41.98,909.5,rice
28.03,71.87,775.3,groundnut
26.69,85.57,135.0,watermelon
28.98,73.52,1173.0,rice
10.51,43.11,308.5,wheat
24.93,86.8,311.3,sunflower
29.21,52.27,755.8,groundnut
16.03,45.08,122.9,wheat
34.47,63.29,545.6,moong
12.55,88.02,196.7,wheat
34.85,42.01,459.4,bajra
10.12,73.83,284.4,peas
10.79,87.12,245.4,wheat
24.62,60.15,743.9,soybean
28.08,63.6,865.6,arhar
26.82,63.06,346.6,sunflower
22.25,78.79,836.8,maize
27.83,45.6,774.1,groundnut
26.56,42.81,1683.0,rice
27.58,44.92,597.0,groundnut
27.71,55.15,542.7,groundnut
16.87,58.05,280.5,peas
19.37,52.86,237.2,potato
18.28,66.63,297.4,potato
20.49,60.09,272.0,chickpea
28.15,83.31,629.7,cotton
23.32,78.96,305.7,sunflower
31.34,53.44,418.5,moong
19.44,46.82,96.0,mustard
34.71,75.81,327.4,bajra
27.32,67.54,855.0,cotton
25.93,63.69,921.3,rice
32.91,77.19,951.7,cotton
27.91,79.44,984.5,rice
26.75,41.4,1106.6,rice
28.81,47.45,452.1,jowar
25.48,79.55,452.0,okra
30.32,48.39,344.5,bajra
22.87,41.24,633.8,arhar
29.76,46.83,700.1,maize
28.77,48.02,998.5,arhar
31.41,78.92,477.4,moong
19.78,64.59,272.0,potato
14.43,53.48,359.5,potato
25.59,85.28,639.1,cotton
26.9,48.05,502.8,okra
15.56,43.94,364.9,potato
29.28,46.12,706.6,cotton
28.32,88.35,1135.7,sugarcane
31.85,41.08,758.9,jowar
26.49,60.69,383.9,bajra
25.19,40.62,546.4,sunflower
28.57,42.14,609.4,maize
25.71,46.36,617.0,groundnut
21.7,58.42,557.1,sunflower
30.04,73.99,1634.1,sugarcane
19.08,54.71,253.3,mustard
29.08,71.5,392.3,bajra
28.01,52.62,606.3,arhar
28.03,69.38,71.3,cucumber
23.84,44.05,173.5,cucumber
22.95,64.37,126.5,cucumber
25.54,81.77,621.6,soybean
21.64,65.58,851.0,maize
28.93,89.35,578.7,moong
23.3,56.07,172.6,mustard
14.24,76.44,355.2,peas
31.94,66.74,317.4,bajra
28.26,54.7,726.5,jowar
25.79,66.41,1225.5,sugarcane
17.24,77.62,220.8,barley
22.52,83.46,214.1,mustard
16.17,85.56,388.8,peas
24.18,60.63,579.7,maize
31.72,45.93,379.6,bajra
26.49,59.36,518.3,moong
20.55,64.9,439.3,sunflower
34.72,52.02,66.2,watermelon
28.22,87.43,405.7,bajra
28.7,66.05,329.2,bajra
32.39,58.07,524.8,okra
28.55,73.05,570.7,sunflower
28.92,48.09,560.1,groundnut
21.81,44.91,472.3,sunflower
14.34,78.67,223.4,potato
17.65,88.35,104.8,barley
24.36,48.42,776.3,okra
26.62,74.84,368.2,moong
32.38,77.74,748.2,cotton
31.95,88.01,1236.0,sugarcane
25.98,86.63,603.7,cotton
25.53,86.81,706.9,cotton
17.5,76.62,212.2,peas
16.06,46.66,361.9,peas
25.2,89.35,628.8,okra
29.83,73.58,768.5,jowar
26.4,52.82,326.4,bajra
21.75,47.0,351.7,sunflower
25.9,82.36,1704.2,rice
28.37,62.81,335.0,bajra
30.23,55.27,453.9,moong
29.03,63.23,593.9,bajra
25.66,67.61,667.9,soybean
26.76,54.49,919.3,rice
11.66,84.99,130.8,mustard
30.8,70.18,403.3,jowar
32.84,87.81,475.2,bajra
22.53,88.95,238.9,cucumber
33.46,64.91,581.8,okra
32.58,56.28,1270.8,sugarcane
21.02,80.59,369.3,wheat
26.27,73.45,456.9,moong
23.24,49.28,477.2,sunflower
22.96,87.43,613.1,soybean
27.82,50.4,1526.3,sugarcane
12.61,89.74,257.4,barley
13.46,57.49,133.3,barley
18.72,51.13,150.8,potato
31.96,79.83,736.8,jowar
13.27,77.06,99.3,mustard
29.12,78.86,606.6,okra
31.06,58.61,588.2,okra
27.19,43.36,736.7,groundnut
25.64,75.58,1309.2,rice
27.86,67.5,954.5,cotton
27.81,52.43,612.9,cotton
22.74,80.4,146.5,chickpea
16.98,41.53,289.0,chickpea
17.03,63.27,79.2,mustard
11.03,53.42,272.1,mustard
21.52,48.75,202.1,mustard
29.3,74.76,764.3,groundnut
33.05,76.72,1768.4,sugarcane
32.91,53.23,749.1,cotton
24.91,56.85,135.1,chickpea
33.91,61.44,661.0,okra
20.01,80.86,125.7,barley
30.74,45.56,332.5,okra
26.22,50.6,786.0,maize
10.91,75.23,140.3,mustard
18.67,84.87,272.9,chickpea
18.94,70.92,193.6,chickpea
20.28,66.2,233.8,chickpea
28.17,53.47,314.9,bajra
26.05,72.63,434.6,bajra
13.93,89.59,289.3,barley
34.84,74.24,452.4,okra
28.77,71.28,878.1,groundnut
15.68,68.71,333.4,potato
27.3,82.0,439.7,moong
24.88,74.37,318.0,sunflower
15.52,77.85,259.8,potato
30.11,41.52,523.3,jowar
24.48,89.85,578.3,okra
24.92,53.96,227.5,cucumber
16.3,66.88,223.8,peas
28.33,50.04,726.8,jowar
28.14,81.93,490.0,jowar
21.9,73.56,171.2,mustard
14.55,79.84,181.6,wheat
32.98,76.29,544.2,bajra
33.12,72.23,56.5,watermelon
26.56,78.83,780.5,groundnut
27.06,58.4,719.6,groundnut
18.95,75.83,272.4,potato
23.33,70.88,116.2,chickpea
21.1,64.4,68.9,mustard
29.76,67.27,696.3,maize
27.37,61.83,823.6,groundnut
14.98,55.56,298.4,potato
23.16,75.91,787.4,maize
28.42,84.65,756.5,okra
28.65,87.84,638.1,jowar
27.72,60.51,864.7,groundnut
28.91,42.66,583.4,okra
17.95,74.09,147.3,wheat
26.04,66.11,524.3,maize
28.36,85.06,533.5,groundnut
21.48,82.88,142.6,chickpea
33.63,42.01,1336.0,sugarcane
21.62,40.88,298.6,wheat
29.75,45.99,834.0,soybean
24.62,49.34,813.8,cotton
31.15,44.23,367.4,bajra
25.81,52.98,581.0,groundnut
28.25,48.83,185.8,watermelon
26.68,50.66,113.3,watermelon
19.61,82.22,260.4,barley
19.8,84.82,130.0,wheat
29.63,42.66,588.3,jowar
28.24,72.72,617.7,jowar
33.99,86.26,553.9,bajra
25.53,82.09,1505.8,rice
24.98,65.05,182.2,cucumber
28.12,84.6,692.9,cotton
27.84,84.56,479.4,bajra
26.6,81.9,868.2,soybean
27.1,53.18,348.3,sunflower
22.82,42.63,660.7,soybean
20.6,56.63,507.6,sunflower
26.58,57.22,835.8,cotton
28.84,62.85,846.0,groundnut
28.7,76.41,213.5,cucumber
28.59,86.28,960.1,arhar
21.09,47.81,336.3,sunflower
27.56,82.15,512.8,sunflower
25.15,66.81,687.3,soybean
30.89,74.21,181.0,watermelon
31.27,67.06,86.0,watermelon
26.15,81.8,147.1,watermelon
15.49,46.9,373.6,wheat
25.7,76.15,833.1,arhar
28.43,69.43,522.8,moong
10.74,49.83,141.7,barley
28.82,76.26,679.4,okra
32.97,48.06,418.1,moong
31.86,67.56,231.6,cucumber
26.2,48.13,935.0,arhar
10.64,67.84,243.4,barley
23.27,88.5,664.2,soybean
28.15,47.93,710.7,jowar
30.78,50.47,125.1,cucumber
25.05,87.65,683.3,groundnut
27.01,89.1,1593.5,rice
24.04,68.97,300.3,sunflower
27.97,47.05,592.4,okra
13.53,79.78,160.9,barley
22.84,40.19,611.0,maize
26.32,65.43,470.1,jowar
15.04,58.54,120.5,chickpea
26.69,65.27,361.9,sunflower
12.62,72.94,256.2,barley
27.36,82.19,512.2,maize
27.52,59.6,1357.9,sugarcane
32.01,66.78,569.0,bajra
33.13,63.46,411.1,bajra
17.54,83.58,146.5,barley
19.68,57.84,290.8,chickpea
13.18,65.0,325.0,potato
11.95,64.98,262.5,peas
25.93,81.6,951.6,arhar
27.71,42.15,600.4,jowar
28.45,68.75,313.1,bajra
27.29,61.73,618.4,jowar
24.43,44.41,903.2,soybean
26.5,52.62,907.6,rice
21.11,79.98,224.3,mustard
23.8,80.55,686.4,soybean
29.78,42.12,630.8,arhar
29.2,53.2,753.7,arhar
15.92,65.77,290.0,chickpea
21.95,40.4,711.9,arhar
19.21,86.46,153.1,chickpea
27.7,84.15,1448.9,sugarcane
24.67,76.43,592.1,sunflower
19.22,70.95,83.8,chickpea
28.32,68.0,656.6,jowar
28.56,79.72,774.3,jowar
16.96,42.85,305.0,wheat
24.54,83.74,165.5,cucumber
12.71,47.81,286.0,wheat
16.46,51.85,276.7,chickpea
19.37,42.4,366.5,potato
34.9,83.15,1424.4,sugarcane
31.54,79.01,408.9,moong
25.03,59.08,374.2,moong
18.05,59.44,157.7,barley
29.76,69.13,453.8,okra
28.17,69.93,80.3,watermelon
21.16,48.93,80.4,barley
22.36,77.29,88.9,mustard
10.16,82.73,152.8,mustard
30.25,80.96,553.5,jowar
16.52,45.32,225.0,potato
30.31,76.11,405.1,moong
12.14,64.87,243.4,barley
26.6,63.06,107.6,watermelon
22.07,51.7,950.6,soybean
29.33,58.47,538.5,groundnut
17.2,44.05,123.0,mustard
30.44,63.87,508.1,okra
27.5,48.1,772.2,arhar
24.21,66.42,500.3,maize
14.29,81.74,88.6,barley
30.48,88.31,1794.1,sugarcane
28.84,53.78,516.0,sunflower
34.74,40.4,1261.0,sugarcane
19.21,71.04,292.9,potato
26.05,65.27,1617.1,sugarcane
34.8,57.45,359.8,okra
31.06,49.06,564.0,bajra
28.46,54.14,357.3,moong
23.2,69.78,207.9,mustard
25.43,72.38,651.0,maize
23.75,73.42,242.2,cucumber
23.44,76.37,491.6,sunflower
19.4,56.03,178.3,chickpea
20.22,52.16,179.5,chickpea
29.28,53.24,873.2,groundnut
33.49,64.97,1648.7,sugarcane
30.59,52.82,532.6,okra
12.38,84.77,268.1,peas
28.96,52.57,693.4,cotton
27.07,42.43,772.6,soybean
21.63,55.14,417.7,sunflower
28.89,70.68,507.1,jowar
26.47,71.62,440.4,moong
20.57,85.37,468.3,sunflower
29.64,62.37,744.4,groundnut
27.51,72.41,426.0,moong
25.04,74.4,1530.6,sugarcane
29.0,62.63,732.6,cotton
29.98,87.61,773.0,cotton
15.42,64.83,393.3,potato
29.21,66.97,961.4,soybean
23.59,59.11,161.7,mustard
17.43,84.96,289.9,mustard
32.59,50.55,580.6,moong
12.6,75.73,244.3,peas
27.57,63.39,504.8,sunflower
28.8,61.81,577.4,moong
27.69,79.1,1240.2,rice
25.15,54.41,71.9,watermelon
28.3,46.97,375.2,bajra
13.11,78.68,327.1,peas
14.57,49.89,158.0,peas
10.43,62.04,236.5,peas
20.58,42.56,788.9,arhar
24.75,54.12,890.5,cotton
27.27,61.22,1249.9,sugarcane
20.85,58.5,134.4,mustard
19.44,44.95,140.0,barley
28.53,86.68,563.4,jowar
19.68,58.46,360.5,potato
25.52,63.85,990.1,rice
18.7,46.1,263.0,chickpea
26.3,66.81,726.5,soybean
11.29,51.22,221.8,peas
28.08,72.88,798.3,jowar
30.69,41.55,73.1,watermelon
26.22,75.21,400.2,jowar
25.12,89.63,1674.0,rice
34.45,77.7,419.0,moong
23.65,70.54,512.0,sunflower
18.62,89.4,158.5,potato
27.23,76.48,864.2,groundnut
29.18,45.68,829.5,cotton
15.16,72.07,250.0,peas
31.73,61.73,89.8,watermelon
24.84,44.11,289.7,mustard
13.61,46.74,318.0,wheat
28.08,56.41,977.1,soybean
25.39,66.28,162.7,cucumber
28.08,68.39,521.7,groundnut
15.68,62.22,135.1,mustard
29.35,50.76,522.9,sunflower
14.98,58.97,117.6,barley
28.91,67.62,154.9,cucumber
13.45,74.66,265.3,potato
28.73,77.47,444.4,bajra
25.99,53.48,140.1,cucumber
31.3,51.84,149.7,watermelon
26.13,81.19,666.5,arhar
25.89,79.81,451.2,moong
29.7,81.38,111.9,watermelon
25.46,71.02,61.1,watermelon
27.32,69.19,341.7,sunflower
33.46,67.85,1709.7,sugarcane
24.8,42.63,936.4,arhar
31.01,65.92,306.9,bajra
34.31,82.6,498.1,okra
26.34,55.34,1194.5,rice
24.81,82.37,1587.4,rice
27.71,73.09,794.7,jowar
25.93,62.12,68.3,watermelon
12.69,68.24,291.8,barley
22.17,63.14,836.0,maize
29.42,50.87,742.6,soybean
23.1,76.68,204.9,cucumber
24.01,69.8,318.5,okra
18.95,41.37,132.8,chickpea
22.28,89.56,140.8,cucumber
29.88,67.15,1519.4,rice
21.3,73.33,113.3,barley
18.16,85.05,257.1,wheat
25.86,41.71,415.3,bajra
23.58,70.95,287.3,chickpea
15.3,81.74,298.2,barley
25.77,76.25,331.0,bajra
26.72,57.23,137.6,cucumber
27.66,67.29,346.5,sunflower
28.07,48.66,1614.4,sugarcane
12.36,66.9,225.4,potato
26.7,55.66,956.7,rice
30.82,72.06,737.3,jowar
19.88,56.13,130.8,chickpea
20.24,64.62,385.0,sunflower
11.44,87.67,302.2,wheat
17.57,52.28,375.8,wheat
26.89,70.69,1771.7,sugarcane
32.7,74.06,312.3,bajra
30.15,59.32,103.1,watermelon
19.63,46.89,227.6,mustard
29.02,50.41,610.3,arhar
30.9,86.12,630.6,okra
22.9,58.19,183.7,mustard
20.3,46.72,188.3,wheat
26.54,89.84,842.0,soybean
15.19,43.88,384.2,peas
29.09,88.15,1767.7,sugarcane
23.15,51.63,247.2,mustard
31.84,60.26,129.9,cucumber
18.46,70.8,165.4,wheat
26.91,57.84,1211.5,rice
29.05,57.81,508.4,jowar
26.31,57.48,742.1,maize
22.22,86.87,869.4,arhar
30.04,82.12,412.9,okra
27.18,47.44,507.6,groundnut
15.3,44.28,183.6,barley
28.76,78.4,566.0,moong
28.65,74.96,654.0,jowar
27.56,59.68,1053.3,rice
18.72,48.17,207.4,potato
14.91,65.46,180.8,barley
26.65,41.94,447.6,moong
29.89,55.27,568.1,maize
27.48,54.28,738.9,arhar
16.3,68.79,295.2,potato
27.55,70.31,604.8,maize
25.68,77.72,450.4,sunflower
14.05,70.84,265.4,mustard
24.51,77.65,669.7,soybean
13.95,67.58,339.0,peas
16.78,41.56,114.5,chickpea
26.34,61.3,1352.0,sugarcane
29.86,75.77,447.4,bajra
22.05,44.86,654.2,soybean
12.74,52.24,385.9,peas
22.11,86.07,199.1,cucumber
21.53,66.95,481.8,sunflower
26.85,60.56,518.4,bajra
14.66,61.05,383.4,wheat
23.59,52.87,114.3,chickpea
26.58,66.55,643.8,maize
29.33,44.48,641.2,groundnut
34.37,84.77,500.9,bajra
21.99,64.92,419.7,sunflower
28.85,65.93,1405.2,rice
13.7,60.21,251.6,peas
24.24,76.79,943.1,arhar
27.55,40.44,379.9,moong
28.83,54.43,689.8,soybean
34.7,80.78,577.6,bajra
32.96,69.23,312.0,bajra
24.38,89.57,249.6,chickpea
30.75,84.11,202.6,cucumber
32.45,53.44,113.8,watermelon
28.54,61.73,528.1,moong
24.14,40.95,179.4,cucumber
28.62,87.12,493.1,bajra
31.68,40.94,558.6,jowar
15.72,68.98,376.1,potato
31.18,62.55,720.9,okra
28.57,40.11,1300.8,rice
20.13,81.13,250.9,chickpea
15.3,75.14,238.6,mustard
25.0,56.08,712.0,soybean
29.67,51.32,58.9,watermelon
17.68,87.62,123.1,chickpea
29.05,46.08,762.4,jowar
32.49,65.05,457.8,bajra
22.41,43.78,218.2,chickpea
31.63,63.33,1361.3,sugarcane
33.93,55.59,791.8,okra
28.37,87.21,757.3,groundnut
11.64,57.58,111.7,barley
19.28,49.96,292.9,potato
13.82,50.34,165.0,barley
28.71,86.81,797.6,okra
32.64,86.36,162.7,watermelon
27.93,63.89,659.6,soybean
29.23,59.54,402.1,jowar
31.56,82.5,96.7,cucumber
10.02,40.11,194.8,peas
34.0,73.16,475.8,moong
13.25,44.06,295.6,peas
28.17,44.87,466.9,okra
28.94,40.49,1248.1,sugarcane
27.45,57.4,706.0,maize
26.78,60.73,627.8,okra
11.51,78.2,165.6,mustard
23.11,71.55,555.9,sunflower
32.18,52.5,1737.3,sugarcane
30.68,84.21,426.7,bajra
28.18,81.18,671.8,groundnut
19.37,50.88,285.9,potato
15.03,50.92,259.3,peas
26.93,88.61,730.4,jowar
33.38,49.26,419.5,okra
12.46,54.76,377.5,wheat
25.54,55.59,1574.9,sugarcane
26.34,89.79,628.7,groundnut
29.24,43.07,374.7,okra
27.01,71.0,55.6,watermelon
24.19,46.91,550.1,maize
16.32,43.65,318.5,potato
14.76,88.53,278.9,potato
29.06,71.16,874.4,arhar
16.17,63.36,279.9,mustard
28.47,83.56,599.5,moong
24.88,78.23,110.8,cucumber
29.34,62.83,127.0,watermelon
31.5,47.5,617.2,cotton
21.81,84.89,289.7,chickpea
10.14,80.32,247.0,barley
28.0,74.98,970.2,cotton
26.75,53.46,1393.2,rice
29.47,50.65,1583.2,rice
32.93,75.29,1401.9,sugarcane
34.78,67.92,91.9,watermelon
34.55,74.21,515.0,moong
31.73,46.66,776.9,cotton
29.56,71.49,697.4,cotton
29.3,82.55,711.1,cotton
10.34,68.48,380.5,peas
26.37,50.53,710.9,cotton
29.8,85.64,578.3,bajra
34.4,64.74,599.3,okra
23.38,75.4,849.6,maize
18.95,76.41,261.2,mustard
27.14,65.49,608.7,jowar
29.56,51.72,622.9,groundnut
33.39,42.67,579.3,moong
25.9,47.6,833.2,maize
22.55,79.49,846.7,maize
18.96,54.66,283.3,wheat
29.8,62.5,755.9,soybean
26.04,85.35,867.1,maize
27.47,77.62,230.1,cucumber
23.62,56.6,217.9,chickpea
25.9,45.64,659.7,okra
27.42,51.19,973.6,rice
21.22,87.14,283.6,chickpea
27.71,46.26,890.5,groundnut
29.15,41.77,524.3,maize
30.31,54.09,723.2,okra
30.48,59.13,673.0,jowar
26.32,61.05,1069.2,rice
28.96,60.72,389.8,moong
10.74,57.21,248.0,peas
31.24,79.77,157.6,watermelon
29.36,88.14,1462.5,sugarcane
20.81,70.54,910.8,arhar
31.36,41.32,202.3,cucumber
30.25,84.51,1774.7,sugarcane
23.65,52.98,258.4,mustard
34.34,71.92,372.6,bajra
25.04,41.0,391.6,bajra
20.23,65.6,757.5,arhar
19.29,64.54,175.7,potato
20.69,88.37,515.5,sunflower
13.6,87.78,361.7,wheat
26.53,81.37,483.5,jowar
15.99,50.74,283.9,wheat
13.23,80.62,234.7,barley
21.02,76.61,100.5,chickpea
29.42,57.79,997.3,arhar
27.6,78.75,1245.7,sugarcane
21.38,60.0,795.7,arhar
26.3,69.14,548.0,sunflower
29.28,80.37,806.6,arhar
28.74,42.57,183.5,cucumber
33.48,55.71,572.6,okra
21.04,70.87,87.4,barley
23.48,60.23,616.2,arhar
13.99,76.55,146.3,wheat
27.17,56.13,88.3,cucumber
25.9,79.98,419.0,moong
26.08,79.5,780.3,groundnut
31.42,70.26,588.7,moong
23.67,48.18,745.2,soybean
29.27,71.07,626.5,groundnut
30.3,49.15,906.5,cotton
27.52,49.83,720.7,jowar
13.58,73.96,198.1,peas
25.33,61.89,1346.2,rice
23.41,59.43,960.7,soybean
27.93,65.24,74.1,watermelon
27.46,88.31,382.2,okra
29.0,71.28,905.7,arhar
34.98,52.83,360.4,bajra
26.45,52.06,552.7,jowar
27.31,63.94,552.6,sunflower
29.55,89.52,815.7,groundnut
29.67,41.9,159.7,cucumber
27.64,46.84,407.4,sunflower
27.01,79.75,969.4,rice
25.65,54.41,688.9,groundnut
19.66,58.56,108.9,mustard
32.57,48.81,683.3,okra
24.86,48.07,776.9,soybean
30.14,73.88,85.2,cucumber
17.1,79.22,161.5,barley
24.5,40.83,913.1,rice
23.24,64.35,453.6,sunflower
16.5,73.39,246.6,peas
30.16,54.85,973.2,cotton
23.17,88.56,844.4,soybean
17.0,63.65,249.8,chickpea
11.16,46.76,211.8,mustard
25.82,67.66,865.7,groundnut
30.72,54.09,462.1,okra
32.42,58.39,1410.6,sugarcane
22.4,87.09,879.1,soybean
26.68,84.3,359.9,moong
13.97,79.94,297.8,wheat
24.31,56.81,143.7,cucumber
12.55,61.0,158.4,mustard
32.26,50.82,576.1,okra
10.95,53.37,363.0,peas
20.27,75.34,854.9,arhar
27.78,55.53,579.7,moong
29.31,42.0,1115.7,rice
15.26,61.42,380.6,potato
26.38,71.02,675.2,groundnut
17.75,71.56,390.1,potato
25.42,43.52,592.4,groundnut
28.05,81.89,1739.0,rice
13.57,63.23,330.9,potato
13.89,60.92,344.2,peas
29.27,41.9,1637.5,rice
27.6,82.06,1231.3,rice
25.04,87.63,924.6,cotton
19.31,55.68,343.0,potato
22.61,76.58,73.7,cucumber
13.21,61.89,301.7,peas
15.84,71.09,286.5,potato
11.41,68.39,330.4,peas
27.27,77.51,613.6,groundnut
33.65,84.64,427.6,bajra
30.54,45.88,1719.1,sugarcane
26.49,85.72,397.7,bajra
25.72,65.37,665.7,soybean
17.12,56.67,113.1,chickpea
16.53,88.87,154.4,potato
33.41,48.92,1202.5,sugarcane
26.07,87.76,524.8,jowar
26.56,74.98,966.8,soybean
17.93,47.41,334.7,wheat
30.07,42.13,569.1,jowar
29.74,40.92,424.2,sunflower
25.42,53.57,989.3,arhar
27.19,48.44,430.5,moong
26.03,67.64,425.9,bajra
27.15,79.29,666.2,groundnut
33.39,58.33,1126.4,sugarcane
27.22,82.61,1532.4,sugarcane
22.35,71.7,312.4,sunflower
22.05,89.07,647.6,soybean
21.8,63.96,757.6,arhar
33.6,66.85,355.5,moong
26.65,63.75,805.0,soybean
19.21,47.19,186.7,barley
27.64,40.29,1206.1,sugarcane
27.42,80.75,607.9,maize
31.29,40.17,664.3,cotton
20.66,47.0,111.1,chickpea
23.0,73.03,88.8,cucumber
24.85,73.93,259.6,mustard
32.84,50.6,101.7,watermelon
13.57,89.16,336.6,peas
33.37,64.61,1143.2,sugarcane
10.87,58.66,278.0,peas
19.93,63.6,271.8,wheat
17.28,48.59,127.6,mustard
10.77,89.57,247.3,barley
28.16,47.57,626.7,jowar
10.56,82.83,231.4,peas
28.04,82.31,807.0,maize
26.54,83.7,758.3,soybean
31.29,62.13,70.7,cucumber
28.75,50.47,715.5,cotton
26.27,76.64,994.9,soybean
13.79,59.25,286.0,peas
17.82,58.16,384.2,peas
29.61,53.49,666.8,jowar
17.86,74.62,289.7,potato
26.52,41.75,193.9,cucumber
13.5,81.94,151.2,potato
24.85,54.77,705.9,okra
27.08,87.62,1420.0,rice
13.92,87.31,283.8,potato
22.22,85.79,189.9,chickpea
28.92,61.21,765.0,maize
28.87,88.9,495.7,jowar
13.76,51.37,166.8,barley
33.51,62.92,356.9,bajra
15.08,67.2,247.5,barley
15.71,56.72,394.2,potato
29.55,46.46,615.4,jowar
17.41,72.93,340.9,wheat
30.68,45.95,657.6,jowar
32.72,47.03,541.2,moong
26.88,56.78,795.7,okra
25.14,69.14,552.0,groundnut
24.63,44.68,577.8,sunflower
28.26,73.35,557.1,groundnut
16.13,70.39,167.6,peas
21.04,50.62,202.6,barley
13.93,80.03,165.8,potato
33.01,88.58,178.5,watermelon
25.91,43.01,570.2,okra
28.33,88.21,745.3,maize
33.62,55.84,192.2,watermelon
28.83,88.53,696.8,groundnut
15.41,73.13,321.6,peas
22.64,62.76,261.4,mustard
25.37,42.27,622.7,groundnut
25.56,85.27,355.0,sunflower
32.17,75.7,1316.6,sugarcane
24.65,83.06,733.8,maize
16.7,89.29,158.9,potato
24.22,55.13,140.2,cucumber
28.45,68.14,606.7,groundnut
25.9,50.01,718.1,cotton
26.25,73.14,687.6,arhar
26.0,48.29,398.5,sunflower
14.25,61.14,352.9,wheat
25.89,66.42,1225.0,sugarcane
30.88,40.52,386.9,okra
20.67,69.65,989.3,arhar
27.75,69.78,904.9,arhar
25.18,74.93,867.9,soybean
17.93,41.55,324.8,potato
25.21,65.83,322.0,okra
21.67,43.78,209.3,barley
22.59,67.14,949.5,arhar
25.86,86.96,1569.5,rice
19.64,46.83,123.3,chickpea
29.02,82.76,787.1,jowar
15.03,47.17,136.6,chickpea
25.85,78.1,726.3,arhar
14.57,68.12,229.1,peas
33.61,75.21,58.8,watermelon
28.09,83.72,863.8,cotton
11.41,49.45,244.1,peas
28.03,44.25,173.3,watermelon
21.5,69.88,855.6,maize
15.2,78.26,101.1,barley
29.12,68.64,792.4,soybean
25.96,57.34,1454.0,sugarcane
27.84,63.7,609.3,cotton
23.75,45.32,658.8,maize
29.25,55.32,1672.7,rice
23.28,75.03,96.4,mustard
34.0,50.03,683.6,okra
18.18,67.87,271.9,chickpea
16.87,42.18,222.7,chickpea
18.27,61.8,144.8,barley
16.5,65.27,207.4,peas
27.19,82.06,645.8,arhar
33.12,84.58,394.6,bajra
26.27,49.74,740.0,cotton
29.04,59.52,470.9,sunflower
28.26,45.45,410.5,jowar
25.61,86.12,674.8,okra
12.87,66.35,301.9,wheat
24.08,41.12,565.4,okra
23.92,71.35,471.0,sunflower
26.86,57.44,800.2,groundnut
27.74,89.94,916.4,cotton
31.68,56.3,564.0,moong
14.8,65.51,99.8,barley
25.81,61.42,126.2,watermelon
24.1,89.57,732.0,soybean
26.38,84.08,831.8,maize
24.78,83.8,170.1,cucumber
24.67,45.9,618.2,maize
27.37,59.27,142.0,watermelon
29.36,79.65,194.1,watermelon
28.3,54.13,661.8,soybean
24.81,67.56,993.8,rice
19.12,71.65,356.7,potato
14.45,76.99,253.3,peas
20.99,79.22,196.1,barley
34.09,43.65,522.0,moong
23.46,82.24,885.1,arhar
29.11,70.75,762.0,okra
30.82,89.11,762.9,jowar
24.45,54.2,543.3,maize
10.4,59.7,168.3,barley
22.08,53.95,128.3,cucumber
11.89,47.7,277.0,barley
33.76,73.97,124.1,watermelon
18.44,71.87,342.8,potato
13.79,51.63,198.7,barley
24.79,89.16,131.8,mustard
23.13,78.76,517.4,sunflower
34.47,86.63,1112.1,sugarcane
27.24,44.52,142.5,cucumber
31.46,63.86,570.7,jowar
19.55,52.32,121.9,barley
21.16,65.63,212.2,barley
27.67,48.11,194.1,watermelon
34.92,54.43,447.7,bajra
14.94,86.23,271.7,mustard
26.27,75.9,1512.6,sugarcane
27.99,74.57,301.7,bajra
25.94,49.66,134.5,cucumber
21.34,88.4,180.2,wheat
29.32,47.21,188.1,cucumber
24.66,66.63,335.9,okra
28.26,65.83,1519.0,sugarcane
14.19,47.22,73.8,mustard
26.97,81.36,141.5,watermelon
24.73,88.83,364.9,sunflower
28.84,60.16,441.5,jowar
27.89,80.61,782.7,jowar
29.9,61.55,687.9,groundnut
12.88,86.4,196.4,barley
20.63,56.89,789.9,arhar
29.61,57.59,549.0,sunflower
29.76,62.18,865.3,maize
28.28,68.1,753.1,jowar
31.58,74.52,135.5,watermelon
28.35,49.79,650.2,jowar
32.02,47.86,183.4,watermelon
13.8,66.51,137.3,mustard
27.18,78.9,420.5,moong
26.85,83.96,486.5,jowar
34.21,85.05,514.9,moong
24.61,70.62,593.4,maize
30.31,72.97,75.6,watermelon
29.34,56.09,587.1,groundnut
25.56,41.29,518.2,okra
27.16,76.48,795.7,arhar
26.3,81.94,815.8,groundnut
17.31,85.3,338.6,potato
18.77,41.41,90.5,chickpea
25.12,58.38,926.8,arhar
20.24,68.13,298.9,mustard
16.81,82.73,280.8,potato
30.35,75.02,676.2,jowar
29.95,42.31,819.0,maize
16.71,61.76,309.9,potato
14.36,45.64,392.7,peas
31.94,51.07,226.2,cucumber
26.18,74.07,606.8,arhar
32.95,44.69,178.1,watermelon
15.58,81.08,108.8,mustard
24.94,87.55,178.8,cucumber
22.6,47.74,170.2,cucumber
25.78,64.99,1192.8,rice
28.79,79.85,1634.8,rice
13.58,65.43,254.8,barley
22.74,43.57,279.7,chickpea
33.42,63.71,583.4,moong
26.59,68.71,568.8,moong
26.72,53.01,557.4,bajra
25.4,51.54,1096.9,rice
34.82,56.93,102.3,watermelon
27.97,69.59,231.3,cucumber
28.03,47.21,774.8,soybean
24.13,57.23,73.3,mustard
17.07,75.47,301.4,potato
10.79,60.55,365.1,peas
26.68,52.13,776.1,okra
28.83,79.33,877.7,arhar
27.42,83.37,634.8,soybean
27.91,72.17,1746.7,rice
16.96,46.08,171.4,chickpea
22.11,69.74,246.0,cucumber
22.7,72.12,451.6,sunflower
18.05,74.42,275.2,wheat
26.34,48.69,782.5,groundnut
26.49,86.33,1721.1,sugarcane
18.14,54.42,110.6,chickpea
27.65,69.45,771.7,groundnut
26.9,88.11,583.2,moong
29.71,61.89,935.4,arhar
27.6,44.27,504.7,moong
32.87,76.31,676.7,cotton
26.87,87.14,179.1,watermelon
19.52,42.5,188.7,barley
21.9,71.2,126.7,wheat
28.14,88.07,103.9,cucumber
28.95,65.05,791.0,cotton
13.19,69.47,382.6,wheat
26.2,55.13,566.2,bajra
19.8,68.35,163.2,barley
29.88,49.76,672.6,cotton
16.7,75.69,178.9,wheat
26.49,51.61,724.4,maize
25.04,67.44,1532.7,rice
14.71,85.86,245.4,potato
31.12,70.66,144.1,watermelon
15.93,88.28,61.8,mustard
27.4,48.52,748.8,arhar
25.77,75.71,812.8,groundnut
14.38,60.66,186.5,peas
26.61,44.88,447.9,sunflower
28.12,51.28,422.0,sunflower
22.85,88.57,235.2,cucumber
29.41,58.74,176.2,cucumber
26.2,88.63,1489.9,sugarcane
19.81,86.36,197.2,mustard
11.7,68.57,255.8,mustard
24.77,60.59,514.6,sunflower
19.2,46.65,260.5,chickpea
21.9,50.17,249.1,wheat
19.22,73.81,176.6,chickpea
25.21,67.75,622.0,groundnut
18.7,43.22,350.5,wheat
28.53,52.48,998.5,rice
29.42,49.41,479.5,sunflower
29.93,51.6,758.0,arhar
15.24,70.5,204.9,peas
33.65,81.28,796.8,okra
23.68,47.78,963.9,arhar
23.75,64.3,165.9,chickpea
17.38,80.16,324.5,potato
30.8,47.07,1142.8,sugarcane
12.75,55.92,308.0,potato
21.05,62.47,256.4,mustard
32.11,62.42,698.6,okra
25.36,82.35,1194.4,sugarcane
30.37,57.18,629.6,cotton
26.25,45.56,455.8,jowar
20.26,54.04,372.2,sunflower
25.11,53.59,734.8,arhar
33.32,54.57,347.1,bajra
18.27,42.12,86.5,chickpea
23.19,61.42,108.4,chickpea
16.04,58.73,235.8,potato
25.93,78.39,513.6,groundnut
28.88,73.84,710.7,arhar
34.96,67.48,460.3,bajra
28.67,52.62,722.5,soybean
13.59,63.79,214.1,peas
21.8,60.83,270.5,barley
26.04,54.56,1680.7,rice
30.95,87.52,392.8,moong
23.04,46.69,733.5,soybean
28.78,54.51,724.1,jowar
25.23,73.71,1289.7,rice
14.75,54.66,249.6,potato
25.82,56.72,1389.8,rice
15.82,62.98,267.5,peas
26.06,84.12,1518.4,rice
26.22,80.15,1489.4,sugarcane
14.31,89.62,245.1,barley
23.41,85.64,883.8,maize
23.36,88.55,203.9,mustard
31.17,54.33,420.1,moong
28.53,86.16,652.0,okra
10.93,52.07,107.3,mustard
27.66,40.8,674.0,cotton
28.21,45.53,660.8,arhar
20.65,74.46,652.4,arhar
24.67,50.76,1456.0,rice
27.65,58.35,446.4,sunflower
33.13,77.14,94.8,watermelon
26.55,50.99,754.9,groundnut
18.93,41.91,251.2,barley
26.36,64.48,926.6,rice
28.89,71.56,121.5,cucumber
23.46,69.29,600.4,maize
15.74,89.78,290.4,potato
21.58,88.17,823.3,maize
32.05,74.28,599.1,okra
27.5,53.55,612.1,jowar
27.17,67.68,668.7,groundnut
20.71,80.81,395.1,wheat
28.33,60.69,774.1,groundnut
20.27,83.87,172.8,barley
16.19,55.89,155.2,chickpea
21.37,62.98,246.2,barley
30.51,45.62,655.4,okra
27.42,77.16,788.4,maize
28.47,87.31,590.9,bajra
30.83,88.58,429.2,moong
27.42,49.99,1354.2,rice
29.4,76.73,189.7,watermelon
29.85,65.51,621.9,okra
13.29,78.47,220.4,mustard
19.1,77.62,230.4,chickpea
20.89,49.14,299.5,barley
10.45,48.45,348.2,peas
24.12,40.89,1031.8,rice
28.78,66.29,356.0,okra
14.15,59.25,174.0,peas
19.23,40.07,207.9,barley
28.35,75.11,726.9,soybean
25.66,58.86,848.3,arhar
27.79,63.99,538.0,bajra
23.93,46.32,863.6,maize
22.68,62.73,285.6,chickpea
23.48,72.14,116.6,mustard
33.08,51.76,1732.9,sugarcane
16.37,42.27,145.5,mustard
25.55,49.1,779.6,soybean
25.67,68.89,599.2,groundnut
25.72,71.98,519.6,moong
25.66,80.62,974.0,arhar
34.31,80.43,362.4,moong
16.48,83.25,274.0,mustard
24.99,68.67,185.4,chickpea
13.01,71.56,148.2,wheat
31.67,70.44,615.0,cotton
25.74,46.93,555.2,maize
30.33,58.57,177.5,cucumber
26.37,84.27,1714.7,sugarcane
26.94,75.02,678.0,maize
25.31,46.95,419.8,bajra
25.43,77.29,756.1,maize
29.53,55.87,459.8,jowar
25.53,85.32,544.4,groundnut
29.24,58.33,1526.0,sugarcane
12.82,75.65,241.6,peas
16.01,62.35,167.8,barley
28.39,56.49,548.7,moong
16.33,52.65,234.1,mustard
25.48,63.34,198.6,cucumber
24.62,74.45,742.0,maize
23.97,84.01,891.3,arhar
28.97,40.46,905.9,cotton
28.53,43.75,551.1,moong
32.58,68.16,175.2,watermelon
29.79,87.11,683.4,soybean
28.89,40.74,920.3,arhar
27.28,69.26,573.0,groundnut
19.6,44.89,291.4,mustard
28.0,87.94,406.6,okra
29.99,89.94,840.4,groundnut
29.73,76.19,74.6,watermelon
27.92,69.6,364.7,sunflower
23.18,81.39,360.0,sunflower
23.32,83.81,413.2,sunflower
26.09,70.88,525.4,moong
26.63,75.65,201.3,cucumber
25.06,69.22,1674.9,rice
25.9,87.54,717.8,soybean
25.82,55.05,339.4,okra
31.06,40.41,900.6,cotton
25.31,51.25,664.9,maize
30.08,66.22,825.4,cotton
31.89,79.51,131.6,cucumber
29.47,51.63,985.0,cotton
28.56,81.7,1537.7,sugarcane
11.53,58.81,187.3,peas
12.88,89.01,340.2,potato
27.55,67.3,523.3,okra
27.9,79.97,433.5,moong
24.27,75.46,891.2,arhar
29.77,52.82,871.7,arhar
26.91,74.0,136.0,watermelon
22.48,72.72,803.8,soybean
33.66,48.58,557.2,moong
25.71,84.66,1343.3,sugarcane
12.92,84.59,209.1,barley
13.52,71.59,382.9,peas
25.08,89.45,858.2,cotton
27.23,44.76,659.9,maize
27.01,88.2,889.3,cotton
26.74,77.23,774.7,maize
10.69,47.37,166.5,barley
19.26,88.43,239.7,barley
25.16,74.54,983.8,cotton
27.75,57.22,962.6,rice
17.48,54.23,363.1,wheat
27.06,47.38,762.7,jowar
25.15,68.77,374.9,moong
31.91,61.68,533.1,bajra
30.9,54.36,599.3,bajra
29.48,54.62,1432.6,sugarcane
23.82,55.57,804.3,soybean
20.36,55.55,815.0,arhar
27.19,61.31,385.6,moong
18.95,55.25,251.7,mustard
27.85,75.9,730.8,okra
22.75,60.39,661.3,soybean
13.06,61.25,196.8,potato
28.59,87.57,823.6,soybean
27.59,42.56,925.2,arhar
13.36,85.57,159.1,barley
18.46,76.57,130.3,barley
18.04,46.0,313.0,wheat
16.11,85.74,327.4,potato
22.11,64.36,778.1,soybean
23.91,71.38,90.6,cucumber
25.1,73.47,682.7,groundnut
25.04,72.74,893.8,soybean
29.44,48.42,552.1,moong
25.65,75.01,425.2,okra
28.64,67.1,628.6,jowar
26.4,86.82,1752.4,sugarcane
27.73,40.37,1201.7,sugarcane
27.23,48.84,139.3,watermelon
28.29,51.26,1312.9,sugarcane
26.07,86.64,104.4,cucumber
20.44,49.72,882.5,arhar
29.9,89.68,649.3,soybean
24.82,77.65,561.4,sunflower
12.15,77.54,374.6,peas
29.94,56.5,338.4,bajra
15.2,73.43,282.0,wheat
29.96,59.12,182.9,cucumber
34.88,75.97,550.4,bajra
12.98,89.25,251.7,mustard
15.41,52.29,376.2,potato
13.07,75.13,273.3,peas
17.44,55.07,212.4,chickpea
25.79,86.88,843.1,cotton
31.9,85.45,661.9,jowar
28.59,88.89,1233.4,sugarcane
13.55,83.12,250.2,wheat
29.46,41.59,1184.5,rice
31.54,46.7,686.5,jowar
25.11,70.55,612.9,groundnut
26.32,57.47,615.0,groundnut
12.11,58.93,201.0,mustard
29.64,51.81,194.9,cucumber
26.84,61.92,774.6,maize
25.87,83.56,361.9,moong
27.42,50.39,838.2,arhar
26.29,86.75,337.7,okra
25.46,79.87,1272.9,rice
26.65,70.28,834.1,maize
27.21,78.17,551.2,jowar
16.35,84.16,368.0,peas
29.21,51.65,511.3,groundnut
25.1,46.44,306.1,sunflower
30.21,60.83,566.4,bajra
29.27,86.38,1515.8,sugarcane
14.97,52.65,390.7,potato
29.79,43.79,332.6,sunflower
14.03,74.1,342.0,potato
20.2,72.87,705.3,arhar
17.28,65.65,203.1,potato
29.23,84.98,916.3,rice
17.2,50.56,139.1,wheat
24.68,55.77,970.3,cotton
26.15,87.12,646.2,groundnut
34.13,43.54,768.1,okra
15.4,86.85,336.6,peas
31.21,63.35,65.4,watermelon
15.91,57.49,177.2,chickpea
28.06,68.67,724.2,groundnut
27.93,55.15,832.5,soybean
23.32,41.22,758.6,maize
18.86,45.43,225.2,chickpea
16.94,63.08,178.6,chickpea
19.08,78.22,162.7,potato
23.88,64.85,795.5,soybean
20.44,74.37,456.2,sunflower
28.29,51.55,138.7,cucumber
26.27,41.67,1294.8,sugarcane
28.7,64.61,514.8,okra
29.53,78.95,734.0,groundnut
20.21,68.38,247.7,chickpea
25.82,82.33,777.2,arhar
25.42,75.16,526.8,sunflower
17.67,60.05,106.0,mustard
29.28,78.07,364.6,sunflower
20.87,49.98,157.3,chickpea
29.64,68.56,570.5,maize
13.42,68.68,294.3,potato
22.63,68.58,101.2,cucumber
19.99,77.73,256.6,chickpea
24.71,87.24,277.7,chickpea
17.05,61.36,76.4,mustard
13.43,77.62,338.3,potato
28.05,63.56,932.8,cotton
22.34,80.98,675.8,soybean
20.84,87.34,298.5,barley
17.33,60.86,246.4,peas
31.53,49.99,1686.8,sugarcane
14.6,42.21,167.0,barley
15.43,42.19,164.6,wheat
19.75,59.0,104.6,barley
20.98,86.29,168.5,chickpea
26.29,74.55,891.8,groundnut
28.27,45.9,798.9,maize
26.35,82.81,858.6,maize
16.33,85.75,114.2,barley
24.39,43.98,278.6,chickpea
34.23,85.1,499.0,moong
31.49,80.33,128.6,cucumber
27.54,50.44,360.5,moong
12.54,49.72,91.5,barley
21.65,59.19,214.9,wheat
13.69,47.87,199.8,potato
29.02,60.53,533.6,groundnut
23.93,50.01,837.8,soybean
13.87,52.9,291.5,mustard
30.3,44.98,534.2,jowar
29.87,60.19,564.8,bajra
26.97,74.33,77.7,cucumber
31.86,61.23,989.2,cotton
14.01,84.43,173.2,barley
27.68,80.52,1151.1,sugarcane
27.41,89.69,52.7,watermelon
23.84,88.02,701.9,arhar
32.61,43.38,111.2,watermelon
25.59,81.63,988.4,soybean
27.05,58.9,1212.2,rice
25.09,89.45,497.2,bajra
29.43,75.06,674.5,groundnut
25.04,48.6,996.3,arhar
13.11,55.65,227.8,potato
27.82,74.76,89.7,cucumber
25.52,77.91,191.5,watermelon
12.32,64.7,97.4,mustard
11.14,50.13,166.0,barley
28.51,60.45,797.9,maize
29.72,85.1,509.8,groundnut
24.49,81.92,330.9,okra
30.57,86.86,99.2,watermelon
26.36,69.77,605.8,groundnut
26.45,79.93,626.0,soybean
23.97,69.68,863.8,maize
34.48,89.35,471.3,moong
24.93,67.96,654.2,soybean
16.89,71.99,210.0,peas
29.39,77.95,462.7,sunflower
28.38,87.47,603.5,arhar
14.57,78.55,304.2,peas
15.41,57.21,276.5,wheat
26.45,49.15,706.4,jowar
26.63,43.73,564.3,okra
31.28,63.05,305.8,okra
